id,tipo
6021,Inbound
6458,Inbound
6463,Inbound
6464,Inbound
6465,Inbound
6467,ReCompra
6468,Inbound
6469,Inbound
6470,Inbound
6472,Inbound
6476,Inbound
6487,Inbound
6493,ReCompra
6494,Inbound
6498,Inbound
6499,Inbound
6500,ReCompra
6502,Inbound
6503,Inbound
6504,Inbound
6505,Inbound
6513,Inbound
6518,Inbound
6521,Inbound
6523,Inbound
6524,Inbound
6525,Inbound
6526,Inbound
6527,Inbound
6528,Inbound
6529,Inbound
6530,Inbound
6531,Inbound
6532,Inbound
6537,Inbound
7043,Inbound
7044,Inbound
7045,Inbound
7048,Inbound
7052,Inbound
7053,Inbound
7054,ReCompra
7055,ReCompra
7061,ReCompra
7062,Inbound
7063,Inbound
7064,Inbound
7065,Inbound
7068,Inbound
7075,Inbound
7076,Inbound
7077,ReCompra
7078,Inbound
7079,Inbound
7082,Inbound
7083,ReCompra
7084,ReCompra
7085,Inbound
7086,Inbound
7088,Inbound
7090,ReCompra
7094,ReCompra
7095,Inbound
7097,ReCompra
7098,Inbound
7101,ReCompra
7103,Inbound
7104,ReCompra
7105,Inbound
7108,ReCompra
7112,ReCompra
7114,ReCompra
7115,Inbound
7117,Inbound
7121,Inbound
7122,ReCompra
7127,Inbound
7128,Inbound
7134,Inbound
7135,Inbound
7140,ReCompra
7141,ReCompra
7142,Inbound
7143,Inbound
7144,Inbound
7145,ReCompra
7147,Inbound
7158,Inbound
7183,Inbound
7184,Inbound
7185,Inbound
7186,ReCompra
7187,Inbound
7188,Inbound
7190,ReCompra
7192,Inbound
7193,Inbound
7217,Inbound
7218,Inbound
7227,Inbound
7228,Inbound
7230,Inbound
7231,Inbound
7232,ReCompra
7233,ReCompra
7234,Inbound
7235,ReCompra
7238,ReCompra
7242,Inbound
7244,ReCompra
7245,Inbound
7246,Inbound
7249,Inbound
7252,Inbound
7253,Inbound
7256,Inbound
7261,Inbound
7267,Inbound
7268,ReCompra
7269,Inbound
7277,Inbound
7280,Inbound
7281,Inbound
7285,Outbound
7286,Inbound
7287,Inbound
7288,Inbound
7289,Inbound
7290,Inbound
7293,Inbound
7294,Inbound
7296,Inbound
7297,Inbound
7298,Inbound
7306,Inbound
7307,Inbound
7314,Inbound
7315,Inbound
7316,Inbound
7317,Inbound
7318,Inbound
7322,Inbound
7323,Inbound
7324,Inbound
7328,Inbound
7329,Inbound
7332,ReCompra
7333,Inbound
7338,Inbound
7339,ReCompra
7341,Inbound
7343,ReCompra
7346,Inbound
7349,ReCompra
7350,Inbound
7352,Inbound
7353,Inbound
7354,Inbound
7355,ReCompra
7365,Inbound
7369,ReCompra
7370,Inbound
7371,Inbound
7372,Inbound
7374,Inbound
7383,Inbound
7385,Inbound
7386,Inbound
7387,Inbound
7388,Inbound
7391,Inbound
7392,Inbound
7398,Inbound
7399,Inbound
7400,ReCompra
7403,ReCompra
7404,ReCompra
7405,Inbound
7414,Inbound
7415,Inbound
7431,Inbound
7432,Inbound
7433,Inbound
7449,Inbound
7450,Inbound
7451,Inbound
7452,Inbound
7453,Inbound
7454,Inbound
7455,Inbound
7456,Inbound
7457,Inbound
7458,Inbound
7460,Inbound
7461,Inbound
7462,ReCompra
7468,ReCompra
7470,Inbound
7471,Inbound
7480,Inbound
7483,Inbound
7487,Inbound
7488,Inbound
7489,Inbound
7491,Inbound
7493,ReCompra
7494,ReCompra
7495,Inbound
7505,ReCompra
7506,Inbound
7507,Inbound
7510,Inbound
7516,Inbound
7517,Inbound
7519,Inbound
7520,Inbound
7538,ReCompra
7541,ReCompra
7544,Inbound
7551,Inbound
7552,ReCompra
7553,ReCompra
7554,ReCompra
7555,ReCompra
7556,ReCompra
7557,ReCompra
7558,ReCompra
7559,ReCompra
7567,Inbound
7568,Inbound
7569,Inbound
7574,ReCompra
7576,Inbound
7577,Inbound
7578,Inbound
7582,Inbound
7583,ReCompra
7584,ReCompra
7588,Inbound
7589,Inbound
7590,Inbound
7598,Inbound
7604,Inbound
7605,Inbound
7606,Inbound
7607,Inbound
7608,Inbound
7611,Inbound
7612,Inbound
7613,Inbound
7615,Inbound
7618,ReCompra
7619,Inbound
7623,Inbound
7624,Inbound
7625,Inbound
7626,Inbound
7627,Inbound
7628,ReCompra
7629,ReCompra
7634,Inbound
7635,Inbound
7636,Inbound
7638,Inbound
7641,Inbound
7642,Inbound
7643,Inbound
7644,Inbound
7645,Inbound
7647,Inbound
7648,ReCompra
7649,Inbound
7653,ReCompra
7656,Inbound
7657,Inbound
7659,Inbound
7660,Inbound
7661,Inbound
7670,Inbound
7671,Inbound
7672,ReCompra
7675,Inbound
7676,Inbound
7697,Inbound
7699,Inbound
7700,Inbound
7701,Inbound
7702,Inbound
7703,Inbound
7708,Inbound
7711,ReCompra
7712,ReCompra
7713,Inbound
7714,Inbound
7715,Inbound
7716,Inbound
7717,Inbound
7718,Inbound
7722,ReCompra
7723,Inbound
7725,Inbound
7726,Inbound
7730,ReCompra
7731,Inbound
7738,Inbound
7742,Inbound
7743,Inbound
7744,Inbound
7747,Inbound
7748,Inbound
7749,Inbound
7750,Inbound
7751,Inbound
7752,Inbound
7755,Inbound
7759,ReCompra
7761,Inbound
7762,Inbound
7768,Inbound
7769,ReCompra
7770,Inbound
7771,ReCompra
7772,ReCompra
7773,Inbound
7774,ReCompra
7775,ReCompra
7776,Inbound
7777,Inbound
7778,Inbound
7779,Inbound
7780,ReCompra
7781,Inbound
7782,Inbound
7783,Inbound
7784,Inbound
7785,Inbound
7786,Inbound
7787,Inbound
7788,ReCompra
7789,ReCompra
7792,Inbound
7793,Inbound
7794,Inbound
7795,Inbound
7798,Inbound
7811,ReCompra
7812,Inbound
7822,Inbound
7823,Inbound
7833,Inbound
7838,ReCompra
7839,ReCompra
7844,Inbound
7845,Inbound
7847,Inbound
7851,Inbound
7852,Inbound
7854,Inbound
7855,Inbound
7864,Inbound
7865,Inbound
7870,Inbound
7874,Inbound
7875,Inbound
7876,Inbound
7880,Inbound
7881,Inbound
7883,Inbound
7884,Inbound
7885,Inbound
7886,Inbound
7887,Inbound
7891,Inbound
7892,Inbound
7893,Inbound
7894,Inbound
7895,Inbound
7896,Inbound
7897,ReCompra
7904,Inbound
7905,Inbound
7909,Inbound
7910,Inbound
7912,Inbound
7913,Inbound
7915,Inbound
7922,Inbound
7923,Inbound
7927,Inbound
7928,Inbound
7929,Inbound
7935,Inbound
7945,Inbound
7946,Inbound
7951,Inbound
7952,Inbound
7953,Inbound
7954,Inbound
7965,Inbound
7968,Inbound
7969,Inbound
7970,Inbound
7971,Inbound
7972,Inbound
7978,Inbound
7979,Inbound
7980,Inbound
7981,Inbound
7983,Inbound
7987,Inbound
7988,Inbound
7993,Inbound
8002,Inbound
8003,Inbound
8010,Inbound
8017,Inbound
8018,Inbound
8020,Inbound
8022,Inbound
8024,Inbound
8025,Inbound
8026,Inbound
8027,Inbound
8029,Inbound
8030,Inbound
8031,Inbound
8033,Outbound
8034,Inbound
8035,Inbound
8036,Inbound
8040,Inbound
8041,Inbound
8042,Inbound
8043,Inbound
8044,Inbound
8045,Inbound
8047,Inbound
8052,Inbound
8053,Inbound
8054,Inbound
8055,Inbound
8057,Inbound
8061,Inbound
8065,Inbound
8066,Inbound
8068,Inbound
8069,Inbound
8070,Inbound
8076,Inbound
8077,Inbound
8078,Inbound
8079,Inbound
8080,Inbound
8081,Inbound
8090,Inbound
8092,Inbound
8096,Inbound
8097,Inbound
8098,Inbound
8099,Inbound
8100,Inbound
8101,Inbound
8102,Inbound
8106,Inbound
8107,Inbound
8110,Inbound
8116,Inbound
8117,Inbound
8118,Inbound
8122,Inbound
8123,Inbound
8124,Inbound
8125,Inbound
8126,Inbound
8127,Inbound
8128,Inbound
8133,Inbound
8134,Inbound
8137,Inbound
8138,Inbound
8139,Inbound
8142,Inbound
8143,Inbound
8144,Inbound
8147,Inbound
8149,Inbound
8150,Inbound
8151,Inbound
8154,Inbound
8155,Inbound
8170,Inbound
8171,Inbound
8172,Inbound
8173,Inbound
8179,Inbound
8181,Inbound
8184,Inbound
8185,Inbound
8186,Inbound
8187,Inbound
8188,Inbound
8189,Inbound
8192,Inbound
8194,Inbound
8199,Inbound
8200,Inbound
8202,Inbound
8203,Inbound
8208,Inbound
8209,Inbound
8210,Inbound
8211,Inbound
8212,Inbound
8223,Inbound
8224,Inbound
8225,Inbound
